<?xml version="1.0" encoding="UTF-8"?>
<beans xmlns="http://www.springframework.org/schema/beans"
	xmlns:xsi="http://www.w3.org/2001/XMLSchema-instance" xmlns:c="http://www.springframework.org/schema/c"
	xmlns:context="http://www.springframework.org/schema/context"
	xmlns:jee="http://www.springframework.org/schema/jee" xmlns:p="http://www.springframework.org/schema/p"
	xmlns:tx="http://www.springframework.org/schema/tx" xmlns:util="http://www.springframework.org/schema/util"

	xsi:schemaLocation="http://www.springframework.org/schema/beans http://www.springframework.org/schema/beans/spring-beans.xsd
          http://www.springframework.org/schema/context http://www.springframework.org/schema/context/spring-context.xsd
          http://www.springframework.org/schema/jee http://www.springframework.org/schema/jee/spring-jee.xsd
          http://www.springframework.org/schema/tx http://www.springframework.org/schema/tx/spring-tx.xsd">

	<bean id="sessionFactory"
		class="org.springframework.orm.hibernate4.LocalSessionFactoryBean">
		<property name="dataSource" ref="dataSource" />
		<property name="packagesToScan">
			<list>
				<value>com.niit</value>
			</list>
		</property>
		
		
		<property name="hibernateProperties">

			<props>

				<prop key="hibernate.dialect">org.hibernate.dialect.H2Dialect</prop>
				<prop key="hibernate.show_sql">true</prop>
				<prop key="hibernate.hbm2ddl.auto">update</prop>
			</props>

		</property>

	</bean>

	<bean id="dataSource" class="org.apache.commons.dbcp.BasicDataSource">
		<property name="driverClassName" value="org.h2.Driver"></property>
		<property name="url" value="jdbc:h2:tcp://localhost/~/test14"></property>
		<property name="username" value="sa14"></property>
		<property name="password" value=""></property>
	</bean>
	<context:component-scan base-package="com.niit.controller" />
	<context:component-scan base-package="com.niit.model" />
	<context:component-scan base-package="com.niit.DAO" />
	<context:component-scan base-package="com.niit.DAOImpl" />
	<context:component-scan base-package="com.niit.services" />
	<context:component-scan base-package="com.niit.services.Impl" />
	
	<tx:annotation-driven />
	
	<context:annotation-config/> 
		
	
	<bean id="transactionManager"
		class="org.springframework.orm.hibernate4.HibernateTransactionManager">
		<property name="sessionFactory" ref="sessionFactory"></property>
	</bean>

</beans>
