<?xml version="1.0" encoding="UTF-8"?>
<beans xmlns="http://www.springframework.org/schema/beans"
	xmlns:xsi="http://www.w3.org/2001/XMLSchema-instance" xmlns:mvc="http://www.springframework.org/schema/mvc"
 	xmlns:context="http://www.springframework.org/schema/context"
	xmlns:webflow-config="http://www.springframework.org/schema/webflow-config"

	
	xsi:schemaLocation="http://www.springframework.org/schema/beans    
http://www.springframework.org/schema/beans/spring-beans.xsd
http://www.springframework.org/schema/context
http://www.springframework.org/schema/context/spring-context.xsd
http://www.springframework.org/schema/mvc 
http://www.springframework.org/schema/mvc/spring-mvc.xsd
http://www.springframework.org/schema/webflow-config
http://www.springframework.org/schema/webflow-config/spring-webflow-config.xsd">

  
	<context:annotation-config />
	<context:component-scan base-package="com.niit.controller" />
	<context:component-scan base-package="com.niit.model" />
	<context:component-scan base-package="com.niit.DAO" />
    <context:component-scan base-package="com.niit.DAOImpl" />
    <context:component-scan base-package="com.niit.services" />
    <context:component-scan base-package="com.niit.services.Impl" />
    

	<mvc:resources mapping="/resources/**" location="/resources/"></mvc:resources>
	<mvc:resources mapping="/resources/images/**" location="/resources/"></mvc:resources>
	<mvc:annotation-driven />

	<bean id="viewResolver"
		class="org.springframework.web.servlet.view.InternalResourceViewResolver">
		<property name="prefix" value="/WEB-INF/views/"></property>
		<property name="suffix" value=".jsp"></property>
	</bean>
	
	<bean id="fileValidator" class="com.niit.validator.FileValidator" />
	
	<bean id="multipartResolver"
		class="org.springframework.web.multipart.commons.CommonsMultipartResolver" />
		
		
	<webflow-config:flow-executor id="flowExecutor"
		flow-registry="flowRegistry" />

	<webflow-config:flow-registry id="flowRegistry"
		base-path="/WEB-INF/views">
		<webflow-config:flow-location path="/cart-flow-config.xml"
			id="cartCheckout" />
	</webflow-config:flow-registry>

	<bean id="flowHandlerMapping"
		class="org.springframework.webflow.mvc.servlet.FlowHandlerMapping">
		<property name="flowRegistry" ref="flowRegistry" />
	</bean>

	<bean id="flowHandlerAdapter"
		class="org.springframework.webflow.mvc.servlet.FlowHandlerAdapter">
		<property name="flowExecutor" ref="flowExecutor" />
	</bean>
	
</beans>
  