<beans:beans xmlns="http://www.springframework.org/schema/security"
	xmlns:beans="http://www.springframework.org/schema/beans" xmlns:xsi="http://www.w3.org/2001/XMLSchema-instance"

	xsi:schemaLocation="http://www.springframework.org/schema/beans
	http://www.springframework.org/schema/beans/spring-beans-3.0.xsd
	http://www.springframework.org/schema/security
	http://www.springframework.org/schema/security/spring-security-3.1.xsd">

	<http use-expressions="true">

		<intercept-url pattern="/**" access="isAuthenticated()" />

		<form-login login-page="/login"
			default-target-url="/home?login=true" login-processing-url="/j_spring_security_check"
			username-parameter="username" password-parameter="password"/>
			
		<logout logout-success-url="/logout" logout-url="/j_spring_security_logout" />
			
		

	</http>

	<!-- <authentication-manager> <authentication-provider> <user-service> <user 
		name="akshirajbe94@gmail.com" password="AKSHAYAr@22" authorities="ROLE_ADMIN" 
		/> <user name="keerthanaasubburaj@gmail.com" password="AKSHAYAr@22" authorities="ROLE_USER" 
		/> </user-service> </authentication-provider> </authentication-manager> -->

	<beans:bean id="daoAuthenticationProvider"
		class="org.springframework.security.authentication.dao.DaoAuthenticationProvider">

		<beans:property name="userDetailsService" ref="userDetailsService">
		</beans:property>

	</beans:bean>

	<beans:bean id="authenticationManager"
		class="org.springframework.security.authentication.ProviderManager">
		<beans:property name="providers">
			<beans:list>
				<beans:ref local="daoAuthenticationProvider" />
			</beans:list>
		</beans:property>
	</beans:bean>

	<authentication-manager>
		<authentication-provider user-service-ref="userDetailsService">
			<password-encoder hash="plaintext">
			</password-encoder>
		</authentication-provider>
	</authentication-manager>

</beans:beans>